Mutation type,Trinucleotide,HepG2_SC2_cl1_vs_HepG2_SC2,HepG2_SC2_cl2_vs_HepG2_SC2,HepG2_SC2_cl3_vs_HepG2_SC2
C>A,ACA,65,37,53
C>A,ACC,21,9,17
C>A,ACG,6,5,6
C>A,ACT,39,35,38
C>A,CCA,50,56,83
C>A,CCC,42,20,42
C>A,CCG,4,5,8
C>A,CCT,47,26,69
C>A,GCA,49,31,40
C>A,GCC,16,10,24
C>A,GCG,3,3,5
C>A,GCT,19,17,20
C>A,TCA,85,42,76
C>A,TCC,36,31,48
C>A,TCG,10,4,4
C>A,TCT,78,57,80
C>G,ACA,21,17,30
C>G,ACC,12,5,10
C>G,ACG,2,4,6
C>G,ACT,18,14,28
C>G,CCA,23,16,34
C>G,CCC,15,7,16
C>G,CCG,4,0,11
C>G,CCT,16,13,32
C>G,GCA,12,12,20
C>G,GCC,14,4,12
C>G,GCG,3,1,0
C>G,GCT,14,9,20
C>G,TCA,28,15,31
C>G,TCC,23,21,23
C>G,TCG,3,1,3
C>G,TCT,63,22,46
C>T,ACA,32,35,54
C>T,ACC,17,4,18
C>T,ACG,9,8,6
C>T,ACT,30,16,27
C>T,CCA,38,16,47
C>T,CCC,18,16,18
C>T,CCG,9,3,11
C>T,CCT,35,20,42
C>T,GCA,33,21,20
C>T,GCC,22,6,19
C>T,GCG,7,9,9
C>T,GCT,26,19,26
C>T,TCA,32,34,46
C>T,TCC,37,22,24
C>T,TCG,9,6,8
C>T,TCT,46,33,50
T>A,ATA,19,17,9
T>A,ATC,13,4,11
T>A,ATG,7,8,11
T>A,ATT,10,10,10
T>A,CTA,16,11,12
T>A,CTC,13,13,15
T>A,CTG,16,6,22
T>A,CTT,21,10,19
T>A,GTA,5,4,6
T>A,GTC,8,4,8
T>A,GTG,7,4,10
T>A,GTT,11,3,5
T>A,TTA,22,14,18
T>A,TTC,16,12,6
T>A,TTG,10,5,5
T>A,TTT,17,10,12
T>C,ATA,20,14,16
T>C,ATC,6,9,10
T>C,ATG,15,9,6
T>C,ATT,12,3,20
T>C,CTA,11,6,21
T>C,CTC,7,5,7
T>C,CTG,7,10,9
T>C,CTT,10,8,7
T>C,GTA,13,4,13
T>C,GTC,6,8,9
T>C,GTG,8,3,13
T>C,GTT,7,3,10
T>C,TTA,24,14,11
T>C,TTC,10,6,6
T>C,TTG,11,9,4
T>C,TTT,8,9,7
T>G,ATA,13,7,7
T>G,ATC,5,4,3
T>G,ATG,11,6,8
T>G,ATT,20,4,13
T>G,CTA,5,6,9
T>G,CTC,5,7,4
T>G,CTG,6,5,20
T>G,CTT,13,7,4
T>G,GTA,7,5,5
T>G,GTC,3,0,1
T>G,GTG,10,4,5
T>G,GTT,4,4,8
T>G,TTA,18,9,22
T>G,TTC,7,6,5
T>G,TTG,19,12,17
T>G,TTT,17,9,21
