Mutation type,Trinucleotide,UC19_Urine
C>A,ACA,2
C>A,ACC,3
C>A,ACG,2
C>A,ACT,5
C>A,CCA,10
C>A,CCC,5
C>A,CCG,3
C>A,CCT,3
C>A,GCA,2
C>A,GCC,3
C>A,GCG,0
C>A,GCT,1
C>A,TCA,11
C>A,TCC,10
C>A,TCG,0
C>A,TCT,1
C>G,ACA,3
C>G,ACC,3
C>G,ACG,0
C>G,ACT,1
C>G,CCA,0
C>G,CCC,0
C>G,CCG,1
C>G,CCT,0
C>G,GCA,3
C>G,GCC,3
C>G,GCG,0
C>G,GCT,0
C>G,TCA,1
C>G,TCC,6
C>G,TCG,1
C>G,TCT,1
C>T,ACA,5
C>T,ACC,5
C>T,ACG,10
C>T,ACT,1
C>T,CCA,5
C>T,CCC,4
C>T,CCG,7
C>T,CCT,7
C>T,GCA,4
C>T,GCC,4
C>T,GCG,3
C>T,GCT,8
C>T,TCA,2
C>T,TCC,3
C>T,TCG,12
C>T,TCT,6
T>A,ATA,2
T>A,ATC,3
T>A,ATG,5
T>A,ATT,1
T>A,CTA,8
T>A,CTC,4
T>A,CTG,11
T>A,CTT,4
T>A,GTA,1
T>A,GTC,1
T>A,GTG,1
T>A,GTT,1
T>A,TTA,5
T>A,TTC,2
T>A,TTG,6
T>A,TTT,6
T>C,ATA,2
T>C,ATC,0
T>C,ATG,1
T>C,ATT,3
T>C,CTA,1
T>C,CTC,2
T>C,CTG,4
T>C,CTT,4
T>C,GTA,3
T>C,GTC,0
T>C,GTG,0
T>C,GTT,3
T>C,TTA,1
T>C,TTC,2
T>C,TTG,0
T>C,TTT,3
T>G,ATA,0
T>G,ATC,0
T>G,ATG,0
T>G,ATT,1
T>G,CTA,0
T>G,CTC,0
T>G,CTG,2
T>G,CTT,1
T>G,GTA,0
T>G,GTC,0
T>G,GTG,1
T>G,GTT,0
T>G,TTA,0
T>G,TTC,1
T>G,TTG,0
T>G,TTT,0
