Mutation type,Trinucleotide,Liver-HCC::SP106677
C>A,ACA,137
C>A,ACC,103
C>A,ACG,23
C>A,ACT,115
C>A,CCA,118
C>A,CCC,103
C>A,CCG,20
C>A,CCT,96
C>A,GCA,125
C>A,GCC,88
C>A,GCG,19
C>A,GCT,69
C>A,TCA,148
C>A,TCC,142
C>A,TCG,38
C>A,TCT,156
C>G,ACA,46
C>G,ACC,29
C>G,ACG,4
C>G,ACT,46
C>G,CCA,22
C>G,CCC,51
C>G,CCG,10
C>G,CCT,56
C>G,GCA,22
C>G,GCC,29
C>G,GCG,4
C>G,GCT,22
C>G,TCA,65
C>G,TCC,62
C>G,TCG,6
C>G,TCT,117
C>T,ACA,153
C>T,ACC,85
C>T,ACG,108
C>T,ACT,124
C>T,CCA,153
C>T,CCC,136
C>T,CCG,72
C>T,CCT,151
C>T,GCA,145
C>T,GCC,120
C>T,GCG,96
C>T,GCT,123
C>T,TCA,221
C>T,TCC,161
C>T,TCG,60
C>T,TCT,192
T>A,ATA,95
T>A,ATC,63
T>A,ATG,81
T>A,ATT,109
T>A,CTA,75
T>A,CTC,106
T>A,CTG,172
T>A,CTT,113
T>A,GTA,46
T>A,GTC,44
T>A,GTG,46
T>A,GTT,50
T>A,TTA,77
T>A,TTC,65
T>A,TTG,77
T>A,TTT,93
T>C,ATA,234
T>C,ATC,71
T>C,ATG,194
T>C,ATT,174
T>C,CTA,88
T>C,CTC,79
T>C,CTG,90
T>C,CTT,71
T>C,GTA,134
T>C,GTC,69
T>C,GTG,93
T>C,GTT,156
T>C,TTA,129
T>C,TTC,73
T>C,TTG,96
T>C,TTT,103
T>G,ATA,39
T>G,ATC,14
T>G,ATG,35
T>G,ATT,59
T>G,CTA,29
T>G,CTC,36
T>G,CTG,50
T>G,CTT,66
T>G,GTA,19
T>G,GTC,19
T>G,GTG,14
T>G,GTT,30
T>G,TTA,42
T>G,TTC,32
T>G,TTG,40
T>G,TTT,83
