Mutation type,Trinucleotide,NDEA_cl1,NDEA_cl1
C>A,ACA,429,550
C>A,ACC,110,141
C>A,ACG,42,55
C>A,ACT,182,181
C>A,CCA,292,346
C>A,CCC,84,114
C>A,CCG,36,36
C>A,CCT,157,179
C>A,GCA,177,236
C>A,GCC,70,96
C>A,GCG,15,29
C>A,GCT,105,114
C>A,TCA,301,352
C>A,TCC,149,144
C>A,TCG,25,38
C>A,TCT,222,258
C>G,ACA,81,81
C>G,ACC,45,51
C>G,ACG,8,18
C>G,ACT,71,55
C>G,CCA,60,61
C>G,CCC,39,39
C>G,CCG,11,15
C>G,CCT,47,56
C>G,GCA,21,36
C>G,GCC,44,50
C>G,GCG,12,15
C>G,GCT,46,60
C>G,TCA,82,88
C>G,TCC,61,84
C>G,TCG,7,12
C>G,TCT,122,121
C>T,ACA,509,548
C>T,ACC,265,332
C>T,ACG,86,102
C>T,ACT,244,253
C>T,CCA,204,237
C>T,CCC,115,128
C>T,CCG,47,54
C>T,CCT,114,123
C>T,GCA,147,160
C>T,GCC,136,127
C>T,GCG,38,33
C>T,GCT,148,153
C>T,TCA,310,338
C>T,TCC,264,265
C>T,TCG,42,51
C>T,TCT,222,258
T>A,ATA,379,493
T>A,ATC,316,385
T>A,ATG,469,618
T>A,ATT,293,326
T>A,CTA,75,102
T>A,CTC,88,156
T>A,CTG,197,272
T>A,CTT,90,144
T>A,GTA,160,223
T>A,GTC,151,150
T>A,GTG,183,267
T>A,GTT,140,184
T>A,TTA,141,166
T>A,TTC,113,133
T>A,TTG,189,228
T>A,TTT,94,112
T>C,ATA,399,478
T>C,ATC,306,356
T>C,ATG,185,235
T>C,ATT,320,343
T>C,CTA,141,165
T>C,CTC,343,466
T>C,CTG,155,233
T>C,CTT,152,234
T>C,GTA,335,444
T>C,GTC,275,418
T>C,GTG,216,275
T>C,GTT,288,366
T>C,TTA,139,164
T>C,TTC,214,255
T>C,TTG,71,90
T>C,TTT,143,135
T>G,ATA,119,116
T>G,ATC,72,84
T>G,ATG,120,143
T>G,ATT,102,121
T>G,CTA,34,25
T>G,CTC,41,40
T>G,CTG,59,58
T>G,CTT,40,45
T>G,GTA,41,54
T>G,GTC,85,111
T>G,GTG,83,107
T>G,GTT,55,77
T>G,TTA,38,70
T>G,TTC,48,60
T>G,TTG,47,64
T>G,TTT,54,46
