Ref,Var,Adrenal::CPCT02030502T,Adrenal::CPCT02070337T,Adrenal::POG570_P18843,Anus::CPCT02060023T,Anus::CPCT02060125T,Anus::CPCT02070050T,Anus::CPCT02090028T,Anus::CPCT02090054T,Anus::CPCT02130094T,Anus::CPCT02140036T
AC,CA,2,2,0,0,0,2,2,8,1,0
AC,CG,0,0,0,0,0,0,0,1,0,0
AC,CT,0,0,0,1,0,6,0,4,0,1
AC,GA,0,1,1,0,0,1,2,1,2,0
AC,GG,0,0,0,0,0,0,0,0,0,0
AC,GT,0,0,1,1,0,0,1,1,1,1
AC,TA,1,1,2,1,1,2,2,0,1,0
AC,TG,0,0,0,0,0,1,0,0,0,0
AC,TT,0,0,1,1,0,2,3,2,0,2
AT,CA,0,0,0,0,0,2,2,0,1,0
AT,CC,0,0,0,0,0,0,0,0,0,0
AT,CG,0,0,0,0,0,0,0,1,0,0
AT,GA,1,0,0,1,0,0,0,0,0,0
AT,GC,0,0,0,0,0,0,0,1,0,0
AT,TA,0,0,0,0,0,4,3,4,1,0
CC,AA,12,10,4,93,119,20,26,85,89,31
CC,AG,2,4,3,6,19,2,7,18,9,1
CC,AT,7,6,1,10,18,2,11,39,5,10
CC,GA,0,1,0,4,6,0,3,6,0,1
CC,GG,1,0,0,0,0,0,1,1,0,0
CC,GT,0,0,0,0,0,0,3,2,2,0
CC,TA,0,5,1,7,6,1,5,9,8,0
CC,TG,0,1,0,0,0,0,1,1,0,0
CC,TT,0,1,4,2,5,3,9,6,9,2
CG,AT,0,0,1,0,1,1,1,0,0,0
CG,GC,0,0,1,0,0,0,0,0,0,0
CG,GT,0,0,0,1,0,0,0,0,0,0
CG,TA,0,0,0,0,0,1,1,0,0,0
CG,TC,0,0,0,0,0,0,1,0,0,0
CG,TT,0,0,0,1,1,1,2,2,1,0
CT,AA,1,3,0,1,1,15,14,87,1,34
CT,AC,1,0,1,3,1,24,6,68,4,32
CT,AG,0,1,1,1,0,4,3,14,1,3
CT,GA,0,0,0,1,0,0,0,4,0,0
CT,GC,0,0,1,0,0,0,1,1,0,1
CT,GG,1,0,0,1,0,1,0,2,0,0
CT,TA,1,0,1,1,0,2,1,31,1,6
CT,TC,2,0,0,0,0,4,1,10,1,0
CT,TG,0,0,0,0,0,0,1,4,0,1
GC,AA,2,2,2,7,5,7,2,17,7,4
GC,AG,5,1,3,2,0,0,2,1,1,1
GC,AT,1,2,2,0,1,0,2,0,1,1
GC,CA,0,1,1,0,0,1,3,1,1,1
GC,CG,0,0,0,0,0,0,0,0,1,0
GC,TA,0,0,0,0,0,0,0,0,0,0
TA,AT,0,2,0,1,1,2,3,5,1,1
TA,CG,0,0,0,0,0,0,0,0,0,0
TA,CT,0,1,0,0,0,0,5,3,0,0
TA,GC,0,0,0,0,0,0,0,0,0,0
TA,GG,0,0,0,0,0,0,0,0,0,0
TA,GT,0,0,0,0,0,0,3,1,0,0
TC,AA,2,5,5,2,3,16,20,30,7,9
TC,AG,1,0,0,3,1,1,3,10,0,0
TC,AT,0,3,3,9,3,3,10,18,5,1
TC,CA,3,0,0,0,1,2,4,4,1,1
TC,CG,0,0,0,0,0,0,1,2,0,0
TC,CT,0,1,1,1,1,3,2,5,2,0
TC,GA,1,1,0,0,0,2,2,1,1,0
TC,GG,0,0,0,0,0,0,1,0,0,0
TC,GT,0,1,1,0,1,0,1,0,3,1
TG,AA,0,0,0,2,0,3,4,11,1,2
TG,AC,0,0,1,0,1,1,0,0,0,0
TG,AT,0,2,1,1,1,6,6,19,3,5
TG,CA,2,2,0,1,0,1,2,0,2,4
TG,CC,0,0,0,1,0,0,0,2,0,0
TG,CT,5,4,1,1,1,1,4,12,1,1
TG,GA,0,0,0,0,0,0,1,1,0,0
TG,GC,0,0,0,1,0,0,0,0,0,0
TG,GT,1,0,0,0,2,14,2,29,1,5
TT,AA,1,1,0,0,4,5,15,14,5,5
TT,AC,0,0,1,0,0,0,0,2,2,0
TT,AG,0,0,0,0,0,0,1,1,1,0
TT,CA,0,0,0,0,0,0,0,1,2,0
TT,CC,1,0,1,2,0,0,2,2,0,0
TT,CG,0,0,0,0,0,0,0,1,0,0
TT,GA,0,0,0,0,0,0,4,3,0,0
TT,GC,0,0,0,0,1,0,0,1,0,0
TT,GG,0,0,0,0,0,0,0,1,0,0
