Mutation type,Trinucleotide,Skin-Melanoma::ML_31_T_01
C>A,ACA,119
C>A,ACC,62
C>A,ACG,14
C>A,ACT,53
C>A,CCA,113
C>A,CCC,43
C>A,CCG,16
C>A,CCT,48
C>A,GCA,35
C>A,GCC,18
C>A,GCG,14
C>A,GCT,18
C>A,TCA,74
C>A,TCC,36
C>A,TCG,9
C>A,TCT,95
C>G,ACA,66
C>G,ACC,16
C>G,ACG,17
C>G,ACT,48
C>G,CCA,32
C>G,CCC,29
C>G,CCG,13
C>G,CCT,32
C>G,GCA,21
C>G,GCC,24
C>G,GCG,31
C>G,GCT,22
C>G,TCA,56
C>G,TCC,31
C>G,TCG,11
C>G,TCT,76
C>T,ACA,150
C>T,ACC,386
C>T,ACG,100
C>T,ACT,149
C>T,CCA,1115
C>T,CCC,1071
C>T,CCG,194
C>T,CCT,882
C>T,GCA,71
C>T,GCC,307
C>T,GCG,93
C>T,GCT,164
C>T,TCA,2466
C>T,TCC,4320
C>T,TCG,996
C>T,TCT,1399
T>A,ATA,136
T>A,ATC,42
T>A,ATG,64
T>A,ATT,139
T>A,CTA,37
T>A,CTC,23
T>A,CTG,32
T>A,CTT,32
T>A,GTA,33
T>A,GTC,18
T>A,GTG,31
T>A,GTT,28
T>A,TTA,95
T>A,TTC,24
T>A,TTG,32
T>A,TTT,102
T>C,ATA,163
T>C,ATC,71
T>C,ATG,76
T>C,ATT,82
T>C,CTA,57
T>C,CTC,103
T>C,CTG,96
T>C,CTT,96
T>C,GTA,60
T>C,GTC,52
T>C,GTG,87
T>C,GTT,259
T>C,TTA,135
T>C,TTC,137
T>C,TTG,55
T>C,TTT,116
T>G,ATA,59
T>G,ATC,26
T>G,ATG,82
T>G,ATT,29
T>G,CTA,18
T>G,CTC,19
T>G,CTG,56
T>G,CTT,20
T>G,GTA,46
T>G,GTC,69
T>G,GTG,336
T>G,GTT,130
T>G,TTA,33
T>G,TTC,28
T>G,TTG,55
T>G,TTT,63
