Mutation type,Trinucleotide,Breast-AdenoCA::SP8660
C>A,ACA,140
C>A,ACC,139
C>A,ACG,24
C>A,ACT,119
C>A,CCA,169
C>A,CCC,123
C>A,CCG,26
C>A,CCT,139
C>A,GCA,122
C>A,GCC,101
C>A,GCG,17
C>A,GCT,114
C>A,TCA,106
C>A,TCC,122
C>A,TCG,21
C>A,TCT,170
C>G,ACA,137
C>G,ACC,65
C>G,ACG,61
C>G,ACT,138
C>G,CCA,105
C>G,CCC,92
C>G,CCG,43
C>G,CCT,133
C>G,GCA,69
C>G,GCC,57
C>G,GCG,21
C>G,GCT,91
C>G,TCA,221
C>G,TCC,145
C>G,TCG,41
C>G,TCT,375
C>T,ACA,139
C>T,ACC,80
C>T,ACG,154
C>T,ACT,119
C>T,CCA,98
C>T,CCC,90
C>T,CCG,109
C>T,CCT,132
C>T,GCA,101
C>T,GCC,92
C>T,GCG,113
C>T,GCT,106
C>T,TCA,203
C>T,TCC,147
C>T,TCG,94
C>T,TCT,156
T>A,ATA,56
T>A,ATC,62
T>A,ATG,81
T>A,ATT,89
T>A,CTA,46
T>A,CTC,82
T>A,CTG,69
T>A,CTT,107
T>A,GTA,54
T>A,GTC,48
T>A,GTG,68
T>A,GTT,59
T>A,TTA,70
T>A,TTC,61
T>A,TTG,27
T>A,TTT,145
T>C,ATA,180
T>C,ATC,75
T>C,ATG,113
T>C,ATT,164
T>C,CTA,63
T>C,CTC,101
T>C,CTG,57
T>C,CTT,80
T>C,GTA,89
T>C,GTC,58
T>C,GTG,49
T>C,GTT,110
T>C,TTA,89
T>C,TTC,76
T>C,TTG,35
T>C,TTT,99
T>G,ATA,49
T>G,ATC,24
T>G,ATG,55
T>G,ATT,55
T>G,CTA,27
T>G,CTC,30
T>G,CTG,61
T>G,CTT,63
T>G,GTA,18
T>G,GTC,23
T>G,GTG,52
T>G,GTT,37
T>G,TTA,45
T>G,TTC,41
T>G,TTG,72
T>G,TTT,97
