Mutation type,Trinucleotide,UC14N
C>A,ACA,6
C>A,ACC,3
C>A,ACG,1
C>A,ACT,2
C>A,CCA,3
C>A,CCC,3
C>A,CCG,1
C>A,CCT,1
C>A,GCA,3
C>A,GCC,0
C>A,GCG,0
C>A,GCT,2
C>A,TCA,2
C>A,TCC,3
C>A,TCG,2
C>A,TCT,2
C>G,ACA,1
C>G,ACC,0
C>G,ACG,1
C>G,ACT,2
C>G,CCA,1
C>G,CCC,1
C>G,CCG,1
C>G,CCT,0
C>G,GCA,2
C>G,GCC,1
C>G,GCG,0
C>G,GCT,1
C>G,TCA,1
C>G,TCC,2
C>G,TCG,0
C>G,TCT,0
C>T,ACA,9
C>T,ACC,2
C>T,ACG,12
C>T,ACT,3
C>T,CCA,2
C>T,CCC,5
C>T,CCG,0
C>T,CCT,4
C>T,GCA,2
C>T,GCC,1
C>T,GCG,0
C>T,GCT,3
C>T,TCA,4
C>T,TCC,4
C>T,TCG,2
C>T,TCT,2
T>A,ATA,7
T>A,ATC,1
T>A,ATG,10
T>A,ATT,2
T>A,CTA,10
T>A,CTC,5
T>A,CTG,21
T>A,CTT,8
T>A,GTA,9
T>A,GTC,3
T>A,GTG,7
T>A,GTT,1
T>A,TTA,10
T>A,TTC,3
T>A,TTG,8
T>A,TTT,7
T>C,ATA,13
T>C,ATC,1
T>C,ATG,5
T>C,ATT,1
T>C,CTA,1
T>C,CTC,0
T>C,CTG,1
T>C,CTT,1
T>C,GTA,0
T>C,GTC,4
T>C,GTG,1
T>C,GTT,2
T>C,TTA,3
T>C,TTC,0
T>C,TTG,2
T>C,TTT,5
T>G,ATA,1
T>G,ATC,0
T>G,ATG,2
T>G,ATT,1
T>G,CTA,0
T>G,CTC,0
T>G,CTG,1
T>G,CTT,1
T>G,GTA,0
T>G,GTC,1
T>G,GTG,0
T>G,GTT,2
T>G,TTA,0
T>G,TTC,1
T>G,TTG,0
T>G,TTT,2
