Strand,Mutation type,Trinucleotide,NDEA_cl1,NDEA_cl1
T,T>G,TTT,5,4
T,T>G,GTT,8,6
T,T>G,CTT,9,9
T,T>G,ATT,16,18
T,T>G,TTG,7,8
T,T>G,GTG,10,17
T,T>G,CTG,11,12
T,T>G,ATG,19,17
T,T>G,TTC,11,10
T,T>G,GTC,14,20
T,T>G,CTC,4,7
T,T>G,ATC,8,10
T,T>G,TTA,6,10
T,T>G,GTA,6,8
T,T>G,CTA,5,4
T,T>G,ATA,22,18
T,T>C,TTT,22,23
T,T>C,GTT,49,58
T,T>C,CTT,21,30
T,T>C,ATT,55,67
T,T>C,TTG,6,12
T,T>C,GTG,35,40
T,T>C,CTG,29,36
T,T>C,ATG,38,38
T,T>C,TTC,44,58
T,T>C,GTC,47,78
T,T>C,CTC,73,98
T,T>C,ATC,49,82
T,T>C,TTA,23,18
T,T>C,GTA,60,59
T,T>C,CTA,30,25
T,T>C,ATA,75,79
T,T>A,TTT,18,12
T,T>A,GTT,16,18
T,T>A,CTT,17,29
T,T>A,ATT,31,42
T,T>A,TTG,32,29
T,T>A,GTG,20,35
T,T>A,CTG,28,45
T,T>A,ATG,72,100
T,T>A,TTC,17,24
T,T>A,GTC,19,23
T,T>A,CTC,14,23
T,T>A,ATC,44,53
T,T>A,TTA,22,21
T,T>A,GTA,19,26
T,T>A,CTA,9,16
T,T>A,ATA,61,68
U,C>A,ACA,66,105
U,C>A,ACC,17,27
U,C>A,ACG,1,8
U,C>A,ACT,30,36
U,C>A,CCA,46,73
U,C>A,CCC,14,12
U,C>A,CCG,10,12
U,C>A,CCT,23,35
U,C>A,GCA,26,40
U,C>A,GCC,19,15
U,C>A,GCG,1,10
U,C>A,GCT,17,17
U,C>A,TCA,44,70
U,C>A,TCC,31,26
U,C>A,TCG,7,4
U,C>A,TCT,43,45
U,C>G,ACA,10,14
U,C>G,ACC,11,7
U,C>G,ACG,1,3
U,C>G,ACT,14,8
U,C>G,CCA,10,7
U,C>G,CCC,4,8
U,C>G,CCG,2,0
U,C>G,CCT,9,14
U,C>G,GCA,4,5
U,C>G,GCC,8,11
U,C>G,GCG,2,4
U,C>G,GCT,11,14
U,C>G,TCA,16,18
U,C>G,TCC,13,12
U,C>G,TCG,1,4
U,C>G,TCT,16,23
U,C>T,ACA,86,109
U,C>T,ACC,57,98
U,C>T,ACG,18,28
U,C>T,ACT,41,46
U,C>T,CCA,38,45
U,C>T,CCC,26,29
U,C>T,CCG,11,9
U,C>T,CCT,22,24
U,C>T,GCA,34,31
U,C>T,GCC,26,27
U,C>T,GCG,11,9
U,C>T,GCT,24,28
U,C>T,TCA,68,72
U,C>T,TCC,65,67
U,C>T,TCG,12,14
U,C>T,TCT,48,52
T,C>T,TCT,36,49
T,C>T,GCT,30,29
T,C>T,CCT,20,22
T,C>T,ACT,49,47
T,C>T,TCG,6,5
T,C>T,GCG,8,4
T,C>T,CCG,8,8
T,C>T,ACG,30,16
T,C>T,TCC,46,49
T,C>T,GCC,22,24
T,C>T,CCC,20,30
T,C>T,ACC,45,48
T,C>T,TCA,55,55
T,C>T,GCA,33,37
T,C>T,CCA,43,50
T,C>T,ACA,100,89
T,C>G,TCT,25,26
T,C>G,GCT,2,16
T,C>G,CCT,8,10
T,C>G,ACT,19,15
T,C>G,TCG,2,2
T,C>G,GCG,6,7
T,C>G,CCG,2,4
T,C>G,ACG,0,6
T,C>G,TCC,14,14
T,C>G,GCC,8,9
T,C>G,CCC,7,8
T,C>G,ACC,6,13
T,C>G,TCA,11,12
T,C>G,GCA,2,10
T,C>G,CCA,18,15
T,C>G,ACA,14,18
T,C>A,TCT,29,45
T,C>A,GCT,22,28
T,C>A,CCT,31,27
T,C>A,ACT,42,24
T,C>A,TCG,2,8
T,C>A,GCG,5,6
T,C>A,CCG,7,6
T,C>A,ACG,6,9
T,C>A,TCC,31,27
T,C>A,GCC,7,19
T,C>A,CCC,19,24
T,C>A,ACC,19,24
T,C>A,TCA,57,58
T,C>A,GCA,29,44
T,C>A,CCA,71,62
T,C>A,ACA,85,84
U,T>A,ATA,86,103
U,T>A,ATC,82,74
U,T>A,ATG,106,148
U,T>A,ATT,74,74
U,T>A,CTA,19,19
U,T>A,CTC,20,43
U,T>A,CTG,42,62
U,T>A,CTT,17,41
U,T>A,GTA,48,63
U,T>A,GTC,42,34
U,T>A,GTG,55,83
U,T>A,GTT,37,44
U,T>A,TTA,32,37
U,T>A,TTC,26,21
U,T>A,TTG,50,61
U,T>A,TTT,22,23
U,T>C,ATA,86,102
U,T>C,ATC,87,84
U,T>C,ATG,51,41
U,T>C,ATT,78,79
U,T>C,CTA,37,43
U,T>C,CTC,76,109
U,T>C,CTG,34,50
U,T>C,CTT,32,63
U,T>C,GTA,79,125
U,T>C,GTC,67,96
U,T>C,GTG,62,73
U,T>C,GTT,67,95
U,T>C,TTA,23,31
U,T>C,TTC,52,48
U,T>C,TTG,21,30
U,T>C,TTT,31,29
U,T>G,ATA,16,16
U,T>G,ATC,10,16
U,T>G,ATG,28,33
U,T>G,ATT,25,22
U,T>G,CTA,10,5
U,T>G,CTC,14,11
U,T>G,CTG,17,15
U,T>G,CTT,11,10
U,T>G,GTA,9,16
U,T>G,GTC,17,29
U,T>G,GTG,18,28
U,T>G,GTT,12,19
U,T>G,TTA,11,16
U,T>G,TTC,12,10
U,T>G,TTG,12,12
U,T>G,TTT,8,12
