Mutation type,Trinucleotide,T34
C>A,ACA,234
C>A,ACC,244
C>A,ACG,29
C>A,ACT,147
C>A,CCA,558
C>A,CCC,390
C>A,CCG,64
C>A,CCT,401
C>A,GCA,155
C>A,GCC,169
C>A,GCG,28
C>A,GCT,87
C>A,TCA,379
C>A,TCC,489
C>A,TCG,40
C>A,TCT,456
C>G,ACA,65
C>G,ACC,40
C>G,ACG,17
C>G,ACT,70
C>G,CCA,91
C>G,CCC,105
C>G,CCG,32
C>G,CCT,169
C>G,GCA,39
C>G,GCC,54
C>G,GCG,16
C>G,GCT,32
C>G,TCA,172
C>G,TCC,113
C>G,TCG,21
C>G,TCT,285
C>T,ACA,334
C>T,ACC,154
C>T,ACG,234
C>T,ACT,127
C>T,CCA,949
C>T,CCC,699
C>T,CCG,374
C>T,CCT,526
C>T,GCA,113
C>T,GCC,184
C>T,GCG,203
C>T,GCT,96
C>T,TCA,370
C>T,TCC,373
C>T,TCG,124
C>T,TCT,244
T>A,ATA,8928
T>A,ATC,1409
T>A,ATG,9715
T>A,ATT,2250
T>A,CTA,15102
T>A,CTC,6376
T>A,CTG,22912
T>A,CTT,7773
T>A,GTA,7932
T>A,GTC,1372
T>A,GTG,6602
T>A,GTT,1773
T>A,TTA,10060
T>A,TTC,3455
T>A,TTG,9393
T>A,TTT,3906
T>C,ATA,4729
T>C,ATC,166
T>C,ATG,1093
T>C,ATT,504
T>C,CTA,709
T>C,CTC,146
T>C,CTG,291
T>C,CTT,274
T>C,GTA,586
T>C,GTC,99
T>C,GTG,237
T>C,GTT,160
T>C,TTA,1383
T>C,TTC,162
T>C,TTG,320
T>C,TTT,262
T>G,ATA,408
T>G,ATC,37
T>G,ATG,234
T>G,ATT,65
T>G,CTA,381
T>G,CTC,165
T>G,CTG,497
T>G,CTT,142
T>G,GTA,181
T>G,GTC,32
T>G,GTG,158
T>G,GTT,35
T>G,TTA,384
T>G,TTC,91
T>G,TTG,316
T>G,TTT,118
