Mutation type,Trinucleotide,N7_kidney
C>A,ACA,2
C>A,ACC,0
C>A,ACG,1
C>A,ACT,2
C>A,CCA,2
C>A,CCC,0
C>A,CCG,0
C>A,CCT,2
C>A,GCA,0
C>A,GCC,1
C>A,GCG,1
C>A,GCT,1
C>A,TCA,3
C>A,TCC,3
C>A,TCG,0
C>A,TCT,3
C>G,ACA,0
C>G,ACC,0
C>G,ACG,0
C>G,ACT,1
C>G,CCA,1
C>G,CCC,0
C>G,CCG,1
C>G,CCT,0
C>G,GCA,0
C>G,GCC,0
C>G,GCG,2
C>G,GCT,1
C>G,TCA,1
C>G,TCC,0
C>G,TCG,1
C>G,TCT,0
C>T,ACA,5
C>T,ACC,2
C>T,ACG,6
C>T,ACT,1
C>T,CCA,2
C>T,CCC,2
C>T,CCG,4
C>T,CCT,2
C>T,GCA,5
C>T,GCC,0
C>T,GCG,2
C>T,GCT,1
C>T,TCA,0
C>T,TCC,2
C>T,TCG,1
C>T,TCT,0
T>A,ATA,0
T>A,ATC,0
T>A,ATG,1
T>A,ATT,3
T>A,CTA,1
T>A,CTC,4
T>A,CTG,0
T>A,CTT,1
T>A,GTA,0
T>A,GTC,1
T>A,GTG,0
T>A,GTT,1
T>A,TTA,0
T>A,TTC,0
T>A,TTG,1
T>A,TTT,0
T>C,ATA,1
T>C,ATC,0
T>C,ATG,3
T>C,ATT,0
T>C,CTA,0
T>C,CTC,3
T>C,CTG,2
T>C,CTT,2
T>C,GTA,3
T>C,GTC,0
T>C,GTG,3
T>C,GTT,4
T>C,TTA,1
T>C,TTC,5
T>C,TTG,3
T>C,TTT,1
T>G,ATA,4
T>G,ATC,3
T>G,ATG,13
T>G,ATT,1
T>G,CTA,1
T>G,CTC,1
T>G,CTG,3
T>G,CTT,1
T>G,GTA,1
T>G,GTC,2
T>G,GTG,6
T>G,GTT,0
T>G,TTA,12
T>G,TTC,1
T>G,TTG,7
T>G,TTT,5
