Mutation type,Trinucleotide,HepG2_SC2_cl1,HepG2_SC2_cl2,HepG2_SC2_cl3,MCF10A_SC7_cl1,MCF10A_SC7_cl2,MCF10A_SC7_cl3
C>A,ACA,63,36,51,18,37,16
C>A,ACC,20,9,17,5,7,6
C>A,ACG,5,5,6,3,2,1
C>A,ACT,36,32,35,6,11,2
C>A,CCA,49,55,78,17,30,9
C>A,CCC,41,20,40,6,12,6
C>A,CCG,4,5,8,6,7,4
C>A,CCT,46,25,63,12,17,6
C>A,GCA,48,30,37,20,15,6
C>A,GCC,14,10,23,2,12,2
C>A,GCG,3,3,5,1,1,1
C>A,GCT,18,17,16,13,17,5
C>A,TCA,80,40,72,18,14,12
C>A,TCC,35,30,46,11,21,3
C>A,TCG,10,4,4,2,6,1
C>A,TCT,73,54,78,25,18,13
C>G,ACA,19,17,29,15,17,7
C>G,ACC,11,5,10,9,10,5
C>G,ACG,2,4,6,1,4,1
C>G,ACT,17,14,28,8,13,5
C>G,CCA,20,16,33,7,3,2
C>G,CCC,15,7,16,4,4,2
C>G,CCG,3,0,11,1,0,0
C>G,CCT,16,13,32,1,6,7
C>G,GCA,12,12,20,1,7,1
C>G,GCC,13,4,12,22,7,8
C>G,GCG,3,1,0,13,0,7
C>G,GCT,14,8,20,7,6,2
C>G,TCA,26,14,29,14,12,11
C>G,TCC,23,20,21,6,13,3
C>G,TCG,2,1,3,5,2,1
C>G,TCT,59,21,42,13,21,9
C>T,ACA,32,33,54,19,42,11
C>T,ACC,15,4,18,5,23,5
C>T,ACG,9,8,6,11,28,15
C>T,ACT,28,15,27,14,32,16
C>T,CCA,38,16,47,18,24,8
C>T,CCC,17,16,18,21,11,10
C>T,CCG,9,3,11,10,15,10
C>T,CCT,35,18,41,12,28,9
C>T,GCA,32,20,19,14,15,14
C>T,GCC,21,6,19,9,11,9
C>T,GCG,7,9,8,12,22,6
C>T,GCT,25,18,25,15,19,8
C>T,TCA,29,31,45,13,25,14
C>T,TCC,35,22,23,19,14,16
C>T,TCG,7,6,8,10,20,3
C>T,TCT,45,30,47,8,39,10
T>A,ATA,18,15,8,4,10,4
T>A,ATC,13,4,11,1,10,3
T>A,ATG,3,8,10,1,8,3
T>A,ATT,10,10,9,1,12,5
T>A,CTA,14,11,9,10,14,2
T>A,CTC,12,11,14,14,5,2
T>A,CTG,16,6,22,12,6,3
T>A,CTT,20,9,19,9,15,5
T>A,GTA,5,4,6,5,9,1
T>A,GTC,8,4,8,5,6,8
T>A,GTG,7,4,9,4,8,0
T>A,GTT,11,3,5,2,12,4
T>A,TTA,20,13,17,5,10,6
T>A,TTC,14,10,5,5,5,4
T>A,TTG,9,5,5,6,11,5
T>A,TTT,17,10,10,5,4,1
T>C,ATA,19,13,15,22,50,26
T>C,ATC,5,8,10,12,25,3
T>C,ATG,15,8,6,25,17,15
T>C,ATT,12,3,20,13,25,8
T>C,CTA,10,6,20,11,24,11
T>C,CTC,6,4,7,7,19,5
T>C,CTG,6,8,6,11,6,6
T>C,CTT,10,8,7,8,25,9
T>C,GTA,13,4,13,9,23,9
T>C,GTC,6,8,9,7,21,3
T>C,GTG,8,3,13,10,6,8
T>C,GTT,7,3,10,13,36,11
T>C,TTA,21,14,10,16,42,10
T>C,TTC,10,6,6,7,21,7
T>C,TTG,11,8,4,10,8,8
T>C,TTT,8,9,7,7,21,4
T>G,ATA,13,7,6,7,12,5
T>G,ATC,5,4,3,4,8,7
T>G,ATG,10,6,7,7,9,6
T>G,ATT,20,4,11,5,10,5
T>G,CTA,5,5,9,4,3,2
T>G,CTC,5,6,4,4,2,3
T>G,CTG,6,4,17,2,2,1
T>G,CTT,13,6,4,8,2,5
T>G,GTA,7,5,5,4,6,1
T>G,GTC,3,0,1,3,7,3
T>G,GTG,7,3,4,21,8,9
T>G,GTT,4,3,8,5,5,4
T>G,TTA,17,9,22,7,12,2
T>G,TTC,7,6,5,6,13,3
T>G,TTG,19,12,17,9,13,4
T>G,TTT,17,8,21,13,21,7
