Mutation type,Trinucleotide,UC26T
C>A,ACA,45
C>A,ACC,27
C>A,ACG,4
C>A,ACT,38
C>A,CCA,28
C>A,CCC,22
C>A,CCG,6
C>A,CCT,8
C>A,GCA,13
C>A,GCC,29
C>A,GCG,2
C>A,GCT,21
C>A,TCA,60
C>A,TCC,33
C>A,TCG,4
C>A,TCT,31
C>G,ACA,34
C>G,ACC,7
C>G,ACG,3
C>G,ACT,17
C>G,CCA,10
C>G,CCC,9
C>G,CCG,2
C>G,CCT,5
C>G,GCA,12
C>G,GCC,5
C>G,GCG,2
C>G,GCT,8
C>G,TCA,20
C>G,TCC,10
C>G,TCG,0
C>G,TCT,17
C>T,ACA,13
C>T,ACC,8
C>T,ACG,14
C>T,ACT,11
C>T,CCA,8
C>T,CCC,8
C>T,CCG,10
C>T,CCT,20
C>T,GCA,6
C>T,GCC,4
C>T,GCG,7
C>T,GCT,4
C>T,TCA,18
C>T,TCC,7
C>T,TCG,10
C>T,TCT,17
T>A,ATA,3
T>A,ATC,3
T>A,ATG,0
T>A,ATT,1
T>A,CTA,1
T>A,CTC,1
T>A,CTG,2
T>A,CTT,2
T>A,GTA,1
T>A,GTC,2
T>A,GTG,0
T>A,GTT,1
T>A,TTA,3
T>A,TTC,0
T>A,TTG,4
T>A,TTT,0
T>C,ATA,3
T>C,ATC,1
T>C,ATG,1
T>C,ATT,3
T>C,CTA,3
T>C,CTC,1
T>C,CTG,3
T>C,CTT,2
T>C,GTA,3
T>C,GTC,1
T>C,GTG,0
T>C,GTT,0
T>C,TTA,4
T>C,TTC,4
T>C,TTG,3
T>C,TTT,0
T>G,ATA,2
T>G,ATC,1
T>G,ATG,1
T>G,ATT,1
T>G,CTA,1
T>G,CTC,0
T>G,CTG,1
T>G,CTT,2
T>G,GTA,1
T>G,GTC,0
T>G,GTG,1
T>G,GTT,1
T>G,TTA,2
T>G,TTC,0
T>G,TTG,0
T>G,TTT,0
