Mutation type,Trinucleotide,N5
C>A,ACA,1
C>A,ACC,1
C>A,ACG,0
C>A,ACT,0
C>A,CCA,4
C>A,CCC,3
C>A,CCG,1
C>A,CCT,3
C>A,GCA,3
C>A,GCC,0
C>A,GCG,0
C>A,GCT,1
C>A,TCA,7
C>A,TCC,5
C>A,TCG,2
C>A,TCT,1
C>G,ACA,0
C>G,ACC,0
C>G,ACG,0
C>G,ACT,1
C>G,CCA,0
C>G,CCC,1
C>G,CCG,0
C>G,CCT,1
C>G,GCA,0
C>G,GCC,0
C>G,GCG,0
C>G,GCT,0
C>G,TCA,17
C>G,TCC,3
C>G,TCG,0
C>G,TCT,23
C>T,ACA,1
C>T,ACC,0
C>T,ACG,0
C>T,ACT,2
C>T,CCA,3
C>T,CCC,0
C>T,CCG,0
C>T,CCT,1
C>T,GCA,2
C>T,GCC,3
C>T,GCG,1
C>T,GCT,3
C>T,TCA,25
C>T,TCC,2
C>T,TCG,4
C>T,TCT,9
T>A,ATA,0
T>A,ATC,0
T>A,ATG,0
T>A,ATT,1
T>A,CTA,0
T>A,CTC,0
T>A,CTG,0
T>A,CTT,2
T>A,GTA,0
T>A,GTC,0
T>A,GTG,0
T>A,GTT,0
T>A,TTA,0
T>A,TTC,0
T>A,TTG,0
T>A,TTT,0
T>C,ATA,2
T>C,ATC,0
T>C,ATG,0
T>C,ATT,0
T>C,CTA,0
T>C,CTC,0
T>C,CTG,0
T>C,CTT,2
T>C,GTA,1
T>C,GTC,1
T>C,GTG,0
T>C,GTT,0
T>C,TTA,2
T>C,TTC,0
T>C,TTG,1
T>C,TTT,0
T>G,ATA,0
T>G,ATC,0
T>G,ATG,3
T>G,ATT,0
T>G,CTA,1
T>G,CTC,0
T>G,CTG,1
T>G,CTT,1
T>G,GTA,1
T>G,GTC,1
T>G,GTG,1
T>G,GTT,0
T>G,TTA,2
T>G,TTC,1
T>G,TTG,0
T>G,TTT,0
